ID_Sujeto,Origen_Form,Identidad,Bloque,Dilema,Categoria,Respuesta,Mantiene,SDO_Score,NDC_Score,expectativa_sin,expectativa_grande,expectativa_pequeña,Genero,politica,nivel_se,Gap_Size,expectativa_sin_num,expectativa_grande_num,expectativa_pequeña_num,Expectativa_Activa,Promedio_Gap_0,Promedio_Gap_1000,Promedio_Gap_1200,Promedio_Gap_2000,Promedio_Gap_2400,Promedio_CON,Promedio_SIN,Promedio_DIST,Delta_Mantiene,Delta_base,Tratamiento
Suj_001,Respuestas de formulario 1,ABC,Bloque_1,Bloque_CON,1,Opción 2,0,2.1,4.166666666666667,0,-1,-1,Hombre,3,4,0,0,-1,-1,0,0.6666666666666666,0.6666666666666666,0.6666666666666666,0.3333333333333333,0.0,0.1666666666666666,0.6666666666666666,0.6666666666666666,-0.5,0.0,CON
Suj_003,Respuestas de formulario 1,ABC,Bloque_1,Bloque_CON,1,Opción 1,1,1.5,4.5,-1,-1,-1,Mujer,1,5,0,-1,-1,-1,-1,0.6666666666666666,0.0,0.0,0.0,0.0,0.3333333333333333,0.1666666666666666,0.1666666666666666,0.1666666666666666,0.0,CON
Suj_004,Respuestas de formulario 1,ABC,Bloque_1,Bloque_CON,1,Opción 2,0,3.3,5.0,0,1,1,Mujer,6,6,0,0,1,1,0,0.5,0.0,0.0,0.0,0.3333333333333333,0.3333333333333333,0.1666666666666666,0.1666666666666666,0.1666666666666666,0.0,CON
Suj_006,Respuestas de formulario 1,ABC,Bloque_1,Bloque_CON,1,Opción 1,1,2.3,3.8333333333333335,-1,-1,-1,Mujer,2,5,0,-1,-1,-1,-1,0.8333333333333334,0.3333333333333333,0.3333333333333333,0.0,0.6666666666666666,0.6666666666666666,0.5,0.3333333333333333,0.1666666666666666,0.1666666666666666,CON
Suj_007,Respuestas de formulario 1,ABC,Bloque_1,Bloque_CON,1,Opción 1,1,3.4,3.0,1,-1,1,Mujer,4,3,0,1,-1,1,1,1.0,0.0,1.0,0.0,0.0,0.5,0.5,0.5,0.0,0.0,CON
Suj_008,Respuestas de formulario 1,ABC,Bloque_1,Bloque_CON,1,Opción 2,0,2.3,4.0,-1,-1,-1,Mujer,3,7,0,-1,-1,-1,-1,0.5,0.0,0.6666666666666666,0.3333333333333333,0.0,0.1666666666666666,0.3333333333333333,0.5,-0.1666666666666666,-0.1666666666666666,CON
Suj_009,Respuestas de formulario 1,ABC,Bloque_1,Bloque_CON,1,Opción 1,1,2.6,4.166666666666667,1,-1,-1,Mujer,4,8,0,1,-1,-1,1,1.0,0.6666666666666666,1.0,0.0,0.6666666666666666,0.5,0.8333333333333334,0.8333333333333334,-0.3333333333333333,0.0,CON
Suj_011,Respuestas de formulario 2,AEF,Bloque_1,Bloque_CON,1,Opción 1,1,1.0,4.333333333333333,0,0,0,Mujer,2,5,0,0,0,0,0,1.0,0.3333333333333333,0.3333333333333333,0.0,0.0,0.6666666666666666,0.3333333333333333,0.3333333333333333,0.3333333333333333,0.0,CON
Suj_012,Respuestas de formulario 2,AEF,Bloque_1,Bloque_CON,1,Opción 2,0,1.4,4.5,-1,-1,-1,Mujer,2,5,0,-1,-1,-1,-1,0.6666666666666666,0.0,0.0,0.0,0.0,0.1666666666666666,0.3333333333333333,0.1666666666666666,-0.1666666666666666,0.1666666666666666,CON
Suj_014,Respuestas de formulario 2,AEF,Bloque_1,Bloque_CON,1,Opción 2,0,3.5,5.0,0,-1,-1,Hombre,7,7,0,0,-1,-1,0,0.3333333333333333,0.3333333333333333,0.3333333333333333,0.3333333333333333,0.3333333333333333,0.0,1.0,0.0,-1.0,1.0,CON
Suj_015,Respuestas de formulario 2,AEF,Bloque_1,Bloque_CON,1,Opción 1,1,1.7,3.1666666666666665,0,-1,-1,Mujer,3,3,0,0,-1,-1,0,1.0,0.0,0.0,0.3333333333333333,0.0,0.5,0.3333333333333333,0.3333333333333333,0.1666666666666666,0.0,CON
Suj_016,Respuestas de formulario 2,AEF,Bloque_1,Bloque_CON,1,Opción 1,1,2.8,3.0,0,0,0,Hombre,6,5,0,0,0,0,0,1.0,1.0,1.0,0.6666666666666666,0.3333333333333333,1.0,0.8333333333333334,0.6666666666666666,0.1666666666666666,0.1666666666666667,CON
Suj_017,Respuestas de formulario 2,AEF,Bloque_1,Bloque_CON,1,Opción 1,1,2.6,4.5,1,1,-1,Hombre,4,5,0,1,1,-1,1,1.0,0.0,0.0,0.0,0.0,0.3333333333333333,0.3333333333333333,0.3333333333333333,0.0,0.0,CON
Suj_018,Respuestas de formulario 2,AEF,Bloque_1,Bloque_CON,1,Opción 1,1,2.9,3.5,1,-1,-1,Hombre,4,5,0,1,-1,-1,1,1.0,0.0,0.0,0.0,0.0,0.3333333333333333,0.3333333333333333,0.3333333333333333,0.0,0.0,CON
Suj_019,Respuestas de formulario 2,AEF,Bloque_1,Bloque_CON,1,Opción 2,0,1.9,5.333333333333333,-1,-1,-1,Mujer,4,6,0,-1,-1,-1,-1,0.5,0.0,0.0,0.0,0.0,0.1666666666666666,0.1666666666666666,0.1666666666666666,0.0,0.0,CON
Suj_021,Respuestas de formulario 2,AEF,Bloque_1,Bloque_CON,1,Opción 1,1,1.9,4.333333333333333,-1,-1,1,Mujer,2,6,0,-1,-1,1,-1,0.6666666666666666,1.0,0.0,1.0,0.3333333333333333,0.6666666666666666,0.6666666666666666,0.5,0.0,0.1666666666666666,CON
Suj_022,Respuestas de formulario 2,AEF,Bloque_1,Bloque_CON,1,Opción 2,0,2.0,4.5,0,0,0,Mujer,2,5,0,0,0,0,0,0.3333333333333333,0.6666666666666666,0.6666666666666666,0.0,0.0,0.0,0.5,0.5,-0.5,0.0,CON
Suj_023,Respuestas de formulario 2,AEF,Bloque_1,Bloque_CON,1,Opción 1,1,2.5,4.833333333333333,0,-1,-1,Hombre,5,6,0,0,-1,-1,0,1.0,0.0,0.0,0.0,0.3333333333333333,0.3333333333333333,0.5,0.3333333333333333,-0.1666666666666666,0.1666666666666666,CON
Suj_025,Respuestas de formulario 2,AEF,Bloque_1,Bloque_CON,1,Opción 1,1,1.9,4.333333333333333,1,-1,-1,Mujer,5,6,0,1,-1,-1,1,1.0,0.0,0.0,0.0,0.0,0.3333333333333333,0.3333333333333333,0.3333333333333333,0.0,0.0,CON
Suj_026,Respuestas de formulario 3,ALM,Bloque_1,Bloque_CON,1,Opción 1,1,2.4,5.166666666666667,1,1,1,Hombre,5,7,0,1,1,1,1,0.6666666666666666,1.0,1.0,0.6666666666666666,1.0,0.6666666666666666,1.0,0.8333333333333334,-0.3333333333333333,0.1666666666666666,CON
Suj_027,Respuestas de formulario 3,ALM,Bloque_1,Bloque_CON,1,Opción 1,1,2.2,5.0,1,1,1,Mujer,3,4,0,1,1,1,1,0.8333333333333334,1.0,0.6666666666666666,0.3333333333333333,0.6666666666666666,0.6666666666666666,0.8333333333333334,0.6666666666666666,-0.1666666666666667,0.1666666666666667,CON
Suj_028,Respuestas de formulario 3,ALM,Bloque_1,Bloque_CON,1,Opción 1,1,1.6,4.666666666666667,0,1,1,Mujer,2,5,0,0,1,1,0,0.8333333333333334,0.6666666666666666,0.6666666666666666,0.0,0.0,0.6666666666666666,0.5,0.3333333333333333,0.1666666666666666,0.1666666666666666,CON
Suj_031,Respuestas de formulario 3,ALM,Bloque_1,Bloque_CON,1,Opción 2,0,2.6,4.666666666666667,-1,-1,-1,Mujer,2,3,0,-1,-1,-1,-1,0.0,0.0,0.0,0.0,0.0,0.0,0.0,0.0,0.0,0.0,CON
Suj_033,Respuestas de formulario 3,ALM,Bloque_1,Bloque_CON,1,Opción 1,1,1.0,4.666666666666667,1,-1,1,Mujer,2,4,0,1,-1,1,1,0.5,0.3333333333333333,0.3333333333333333,0.6666666666666666,0.3333333333333333,0.6666666666666666,0.0,0.6666666666666666,0.6666666666666666,-0.6666666666666666,CON
Suj_034,Respuestas de formulario 3,ALM,Bloque_1,Bloque_CON,1,Opción 2,0,1.0,5.666666666666667,-1,-1,-1,Hombre,2,4,0,-1,-1,-1,-1,0.0,0.0,0.0,0.0,0.0,0.0,0.0,0.0,0.0,0.0,CON
Suj_035,Respuestas de formulario 3,ALM,Bloque_1,Bloque_CON,1,Opción 2,0,1.6,4.0,1,1,1,Mujer,3,2,0,1,1,1,1,0.3333333333333333,0.3333333333333333,0.0,0.6666666666666666,1.0,0.1666666666666666,0.5,0.6666666666666666,-0.3333333333333333,-0.1666666666666666,CON
Suj_036,Respuestas de formulario 3,ALM,Bloque_1,Bloque_CON,1,Opción 2,0,2.1,4.833333333333333,0,-1,-1,Mujer,6,8,0,0,-1,-1,0,0.0,0.0,0.0,0.3333333333333333,0.0,0.0,0.0,0.1666666666666666,0.0,-0.1666666666666666,CON
Suj_037,Respuestas de formulario 3,ALM,Bloque_1,Bloque_CON,1,Opción 2,0,1.4,3.333333333333333,-1,-1,-1,Mujer,4,3,0,-1,-1,-1,-1,0.0,0.0,0.0,0.0,0.0,0.0,0.0,0.0,0.0,0.0,CON
Suj_038,Respuestas de formulario 3,ALM,Bloque_1,Bloque_CON,1,Opción 1,1,3.0,4.333333333333333,-1,-1,-1,Mujer,4,4,0,-1,-1,-1,-1,0.1666666666666666,0.3333333333333333,0.3333333333333333,0.3333333333333333,0.3333333333333333,0.6666666666666666,0.1666666666666666,0.0,0.5,0.1666666666666666,CON
Suj_039,Respuestas de formulario 3,ALM,Bloque_1,Bloque_CON,1,Opción 1,1,2.4,4.166666666666667,0,0,1,Mujer,4,3,0,0,0,1,0,1.0,1.0,0.3333333333333333,0.6666666666666666,0.0,0.5,0.8333333333333334,0.6666666666666666,-0.3333333333333333,0.1666666666666667,CON
Suj_040,Respuestas de formulario 4,AQS,Bloque_7,Bloque_CON,1,Opción 2,0,3.8,4.833333333333333,-1,-1,-1,Hombre,6,7,2400,-1,-1,-1,-1,0.8333333333333334,0.0,0.0,0.0,0.0,0.1666666666666666,0.3333333333333333,0.3333333333333333,-0.1666666666666666,0.0,CON
Suj_041,Respuestas de formulario 4,AQS,Bloque_7,Bloque_CON,1,Opción 2,0,1.5,4.333333333333333,0,0,0,Mujer,1,3,2400,0,0,0,0,0.5,0.0,0.0,0.0,0.0,0.1666666666666666,0.1666666666666666,0.1666666666666666,0.0,0.0,CON
Suj_044,Respuestas de formulario 4,AQS,Bloque_7,Bloque_CON,1,Opción 2,0,1.4,4.833333333333333,1,1,0,Mujer,4,5,2400,1,1,0,1,0.0,0.0,0.0,0.0,0.0,0.0,0.0,0.0,0.0,0.0,CON
Suj_045,Respuestas de formulario 4,AQS,Bloque_7,Bloque_CON,1,Opción 2,0,2.8,3.6666666666666665,-1,-1,-1,Mujer,5,5,2400,-1,-1,-1,-1,0.0,0.0,0.0,0.0,0.0,0.0,0.0,0.0,0.0,0.0,CON
Suj_047,Respuestas de formulario 4,AQS,Bloque_7,Bloque_CON,1,Opción 2,0,2.3,4.833333333333333,-1,0,0,Mujer,5,6,2400,-1,0,0,0,0.5,0.3333333333333333,0.3333333333333333,0.0,0.0,0.1666666666666666,0.0,0.6666666666666666,0.1666666666666666,-0.6666666666666666,CON
Suj_048,Respuestas de formulario 4,AQS,Bloque_7,Bloque_CON,1,Opción 2,0,1.2,5.0,-1,-1,-1,Mujer,4,5,2400,-1,-1,-1,-1,0.0,0.0,0.0,0.0,0.0,0.0,0.0,0.0,0.0,0.0,CON
Suj_049,Respuestas de formulario 5,ABC,Bloque_7,Bloque_SIN,1,Opción 2,0,1.7,3.8333333333333335,0,-1,-1,Mujer,4,8,2400,0,-1,-1,-1,1.0,0.0,0.0,0.0,0.0,0.3333333333333333,0.3333333333333333,0.3333333333333333,0.0,0.0,SIN
Suj_050,Respuestas de formulario 5,ABC,Bloque_7,Bloque_SIN,1,Opción 2,0,2.2,4.0,0,0,0,Hombre,1,6,2400,0,0,0,0,1.0,0.0,0.0,0.0,0.0,0.3333333333333333,0.3333333333333333,0.3333333333333333,0.0,0.0,SIN
Suj_051,Respuestas de formulario 5,ABC,Bloque_7,Bloque_SIN,1,Opción 1,1,3.6,5.333333333333333,0,-1,1,Hombre,4,7,2400,0,-1,1,-1,0.1666666666666666,1.0,0.6666666666666666,1.0,0.6666666666666666,0.5,0.8333333333333334,0.5,-0.3333333333333333,0.3333333333333333,SIN
Suj_052,Respuestas de formulario 5,ABC,Bloque_7,Bloque_SIN,1,Opción 2,0,2.1,4.666666666666667,1,-1,-1,Mujer,4,4,2400,1,-1,-1,-1,0.5,0.0,0.0,0.0,0.0,0.1666666666666666,0.1666666666666666,0.1666666666666666,0.0,0.0,SIN
Suj_053,Respuestas de formulario 5,ABC,Bloque_7,Bloque_SIN,1,Opción 2,0,1.1,4.166666666666667,1,-1,1,Mujer,3,2,2400,1,-1,1,-1,0.8333333333333334,0.3333333333333333,0.0,0.0,0.0,0.1666666666666666,0.5,0.3333333333333333,-0.3333333333333333,0.1666666666666666,SIN
Suj_054,Respuestas de formulario 5,ABC,Bloque_7,Bloque_SIN,1,Opción 2,0,2.3,5.5,1,-1,1,Mujer,5,7,2400,1,-1,1,-1,1.0,1.0,1.0,0.3333333333333333,0.0,0.6666666666666666,0.8333333333333334,0.6666666666666666,-0.1666666666666667,0.1666666666666667,SIN
Suj_057,Respuestas de formulario 5,ABC,Bloque_7,Bloque_SIN,1,Opción 1,1,2.2,5.0,0,-1,0,Hombre,6,8,2400,0,-1,0,-1,0.0,0.6666666666666666,0.6666666666666666,0.3333333333333333,0.3333333333333333,0.3333333333333333,0.1666666666666666,0.5,0.1666666666666666,-0.3333333333333333,SIN
Suj_058,Respuestas de formulario 5,ABC,Bloque_7,Bloque_SIN,1,Opción 2,0,2.2,4.833333333333333,0,-1,-1,Mujer,5,6,2400,0,-1,-1,-1,0.6666666666666666,0.0,0.3333333333333333,0.0,0.0,0.3333333333333333,0.1666666666666666,0.3333333333333333,0.1666666666666666,-0.1666666666666666,SIN
Suj_059,Respuestas de formulario 5,ABC,Bloque_7,Bloque_SIN,1,Opción 2,0,1.3,5.333333333333333,-1,-1,-1,Hombre,2,6,2400,-1,-1,-1,-1,0.6666666666666666,0.3333333333333333,0.0,0.0,0.0,0.1666666666666666,0.3333333333333333,0.3333333333333333,-0.1666666666666666,0.0,SIN
Suj_060,Respuestas de formulario 5,ABC,Bloque_7,Bloque_SIN,1,Opción 2,0,1.4,4.5,1,1,1,Hombre,3,5,2400,1,1,1,1,1.0,1.0,1.0,1.0,0.3333333333333333,0.8333333333333334,0.8333333333333334,1.0,0.0,-0.1666666666666666,SIN
Suj_062,Respuestas de formulario 6,AEF,Bloque_7,Bloque_SIN,1,Opción 2,0,2.6,4.166666666666667,-1,-1,1,Mujer,4,6,2400,-1,-1,1,-1,1.0,0.0,0.0,0.0,0.0,0.3333333333333333,0.3333333333333333,0.3333333333333333,0.0,0.0,SIN
Suj_063,Respuestas de formulario 6,AEF,Bloque_7,Bloque_SIN,1,Opción 1,1,3.0,3.6666666666666665,1,1,0,Hombre,5,3,2400,1,1,0,1,1.0,1.0,1.0,1.0,1.0,1.0,1.0,1.0,0.0,0.0,SIN
Suj_064,Respuestas de formulario 6,AEF,Bloque_7,Bloque_SIN,1,Opción 1,1,3.7,4.0,1,-1,0,Hombre,5,8,2400,1,-1,0,-1,0.3333333333333333,0.6666666666666666,0.0,0.6666666666666666,1.0,0.5,0.6666666666666666,0.3333333333333333,-0.1666666666666666,0.3333333333333333,SIN
Suj_065,Respuestas de formulario 6,AEF,Bloque_7,Bloque_SIN,1,Opción 2,0,3.0,4.0,1,-1,1,Mujer,4,5,2400,1,-1,1,-1,1.0,0.0,0.0,0.0,0.0,0.3333333333333333,0.3333333333333333,0.3333333333333333,0.0,0.0,SIN
Suj_066,Respuestas de formulario 6,AEF,Bloque_7,Bloque_SIN,1,Opción 2,0,2.6,5.166666666666667,1,1,1,Mujer,4,4,2400,1,1,1,1,0.5,0.6666666666666666,0.6666666666666666,0.3333333333333333,0.6666666666666666,0.6666666666666666,0.5,0.5,0.1666666666666666,0.0,SIN
Suj_067,Respuestas de formulario 6,AEF,Bloque_7,Bloque_SIN,1,Opción 2,0,1.4,5.333333333333333,0,-1,-1,Hombre,3,6,2400,0,-1,-1,-1,1.0,0.0,0.0,0.0,0.0,0.3333333333333333,0.3333333333333333,0.3333333333333333,0.0,0.0,SIN
Suj_068,Respuestas de formulario 6,AEF,Bloque_7,Bloque_SIN,1,Opción 2,0,2.3,4.0,1,-1,1,Hombre,5,7,2400,1,-1,1,-1,1.0,0.3333333333333333,0.6666666666666666,0.0,0.0,0.5,0.5,0.5,0.0,0.0,SIN
Suj_069,Respuestas de formulario 6,AEF,Bloque_7,Bloque_SIN,1,Opción 2,0,2.2,5.166666666666667,1,-1,0,Mujer,4,4,2400,1,-1,0,-1,0.5,0.3333333333333333,0.6666666666666666,0.6666666666666666,0.3333333333333333,0.6666666666666666,0.5,0.3333333333333333,0.1666666666666666,0.1666666666666666,SIN
Suj_072,Respuestas de formulario 6,AEF,Bloque_7,Bloque_SIN,1,Opción 2,0,1.7,5.166666666666667,0,-1,-1,Hombre,2,4,2400,0,-1,-1,-1,1.0,0.0,0.0,0.0,0.0,0.3333333333333333,0.3333333333333333,0.3333333333333333,0.0,0.0,SIN
Suj_073,Respuestas de formulario 6,AEF,Bloque_7,Bloque_SIN,1,Opción 2,0,1.2,3.6666666666666665,0,0,0,Mujer,2,5,2400,0,0,0,0,1.0,0.3333333333333333,0.0,0.0,0.0,0.5,0.3333333333333333,0.3333333333333333,0.1666666666666666,0.0,SIN
Suj_074,Respuestas de formulario 6,AEF,Bloque_7,Bloque_SIN,1,Opción 2,0,1.7,3.6666666666666665,0,0,-1,Mujer,4,6,2400,0,0,-1,0,0.5,0.0,0.0,0.3333333333333333,0.0,0.1666666666666666,0.1666666666666666,0.3333333333333333,0.0,-0.1666666666666666,SIN
Suj_075,Respuestas de formulario 6,AEF,Bloque_7,Bloque_SIN,1,Opción 2,0,3.6,4.833333333333333,-1,-1,-1,Mujer,7,5,2400,-1,-1,-1,-1,1.0,0.0,0.0,0.0,0.0,0.3333333333333333,0.3333333333333333,0.3333333333333333,0.0,0.0,SIN
Suj_077,Respuestas de formulario 7,ALM,Bloque_9,Bloque_SIN,1,Opción 2,0,2.1,4.0,1,1,0,Mujer,4,9,1000,1,1,0,0,0.3333333333333333,0.0,0.0,0.0,0.0,0.0,0.0,0.3333333333333333,0.0,-0.3333333333333333,SIN
Suj_078,Respuestas de formulario 7,ALM,Bloque_9,Bloque_SIN,1,Opción 2,0,1.8,5.166666666666667,-1,-1,-1,Mujer,3,7,1000,-1,-1,-1,-1,0.8333333333333334,0.0,0.0,0.0,0.0,0.3333333333333333,0.1666666666666666,0.3333333333333333,0.1666666666666666,-0.1666666666666666,SIN
Suj_079,Respuestas de formulario 7,ALM,Bloque_9,Bloque_SIN,1,Opción 1,1,2.4,5.166666666666667,0,0,0,Mujer,4,7,1000,0,0,0,0,1.0,1.0,1.0,1.0,1.0,1.0,1.0,1.0,0.0,0.0,SIN
Suj_081,Respuestas de formulario 7,ALM,Bloque_9,Bloque_SIN,1,Opción 1,1,1.0,4.333333333333333,1,0,-1,Mujer,4,7,1000,1,0,-1,-1,0.5,0.6666666666666666,0.3333333333333333,0.3333333333333333,0.3333333333333333,0.3333333333333333,0.6666666666666666,0.3333333333333333,-0.3333333333333333,0.3333333333333333,SIN
Suj_082,Respuestas de formulario 7,ALM,Bloque_9,Bloque_SIN,1,Opción 2,0,1.9,5.0,1,-1,-1,Mujer,4,4,1000,1,-1,-1,-1,0.1666666666666666,0.0,0.3333333333333333,0.0,0.0,0.1666666666666666,0.1666666666666666,0.0,0.0,0.1666666666666666,SIN
Suj_083,Respuestas de formulario 7,ALM,Bloque_9,Bloque_SIN,1,Opción 2,0,1.0,3.6666666666666665,1,-1,-1,Hombre,1,4,1000,1,-1,-1,-1,1.0,0.0,0.0,0.0,0.0,0.3333333333333333,0.3333333333333333,0.3333333333333333,0.0,0.0,SIN
Suj_087,Respuestas de formulario 7,ALM,Bloque_9,Bloque_SIN,1,Opción 1,1,1.2,4.333333333333333,1,-1,-1,Mujer,2,5,1000,1,-1,-1,-1,0.6666666666666666,0.6666666666666666,0.0,0.0,0.0,0.3333333333333333,0.5,0.1666666666666666,-0.1666666666666666,0.3333333333333333,SIN
Suj_089,Respuestas de formulario 8,AQS,Bloque_9,Bloque_SIN,1,Opción 2,0,3.1,5.333333333333333,0,-1,-1,Mujer,5,6,1000,0,-1,-1,-1,0.8333333333333334,0.0,0.0,0.0,0.0,0.3333333333333333,0.1666666666666666,0.3333333333333333,0.1666666666666666,-0.1666666666666666,SIN
Suj_090,Respuestas de formulario 8,AQS,Bloque_9,Bloque_SIN,1,Opción 1,1,2.4,4.666666666666667,0,0,-1,Hombre,5,6,1000,0,0,-1,-1,0.6666666666666666,0.3333333333333333,0.6666666666666666,0.3333333333333333,0.3333333333333333,0.1666666666666666,0.6666666666666666,0.6666666666666666,-0.5,0.0,SIN
Suj_091,Respuestas de formulario 8,AQS,Bloque_9,Bloque_SIN,1,Opción 1,1,2.0,4.166666666666667,-1,-1,-1,Mujer,3,4,1000,-1,-1,-1,-1,0.6666666666666666,0.3333333333333333,0.3333333333333333,0.3333333333333333,0.0,0.5,0.3333333333333333,0.3333333333333333,0.1666666666666666,0.0,SIN
Suj_094,Respuestas de formulario 8,AQS,Bloque_9,Bloque_SIN,1,Opción 1,1,2.6,4.666666666666667,-1,-1,-1,Mujer,4,6,1000,-1,-1,-1,-1,1.0,0.6666666666666666,0.0,0.0,0.0,0.5,0.5,0.3333333333333333,0.0,0.1666666666666666,SIN
Suj_096,Respuestas de formulario 8,AQS,Bloque_9,Bloque_SIN,1,Opción 1,1,3.3,4.5,0,-1,-1,Hombre,4,5,1000,0,-1,-1,-1,0.6666666666666666,0.3333333333333333,0.3333333333333333,0.0,0.6666666666666666,0.6666666666666666,0.5,0.1666666666666666,0.1666666666666666,0.3333333333333333,SIN
Suj_098,Respuestas de formulario 8,AQS,Bloque_9,Bloque_SIN,1,Opción 1,1,1.5,4.833333333333333,0,1,1,Mujer,5,6,1000,0,1,1,1,0.5,0.6666666666666666,0.6666666666666666,0.6666666666666666,0.0,0.5,0.5,0.5,0.0,0.0,SIN
Suj_099,Respuestas de formulario 8,AQS,Bloque_9,Bloque_SIN,1,Opción 2,0,1.6,3.0,1,-1,-1,Mujer,7,7,1000,1,-1,-1,-1,1.0,0.0,0.0,0.0,0.0,0.3333333333333333,0.3333333333333333,0.3333333333333333,0.0,0.0,SIN
Suj_103,Respuestas de formulario 8,AQS,Bloque_9,Bloque_SIN,1,Opción 2,0,1.3,5.0,-1,-1,1,Mujer,4,5,1000,-1,-1,1,1,0.5,0.0,0.0,0.3333333333333333,0.0,0.3333333333333333,0.1666666666666666,0.1666666666666666,0.1666666666666666,0.0,SIN
Suj_104,Respuestas de formulario 9,ABC,Bloque_11,Dist,1,Opción 2,0,1.5,4.0,1,0,-1,Mujer,4,8,1200,1,0,-1,-1,0.5,0.3333333333333333,0.6666666666666666,0.6666666666666666,0.0,0.8333333333333334,0.5,0.0,0.3333333333333333,0.5,DIST
Suj_107,Respuestas de formulario 9,ABC,Bloque_11,Dist,1,Opción 2,0,1.3,3.1666666666666665,0,0,0,Mujer,4,7,1200,0,0,0,0,0.6666666666666666,0.6666666666666666,0.6666666666666666,0.6666666666666666,0.6666666666666666,0.8333333333333334,0.6666666666666666,0.5,0.1666666666666667,0.1666666666666666,DIST
Suj_109,Respuestas de formulario 9,ABC,Bloque_11,Dist,1,Opción 1,1,2.7,4.666666666666667,0,0,0,Mujer,4,6,1200,0,0,0,0,1.0,0.3333333333333333,1.0,0.0,0.0,0.5,0.5,0.6666666666666666,0.0,-0.1666666666666666,DIST
Suj_110,Respuestas de formulario 9,ABC,Bloque_11,Dist,1,Opción 2,0,2.0,5.0,0,1,1,Mujer,2,5,1200,0,1,1,1,0.1666666666666666,0.6666666666666666,0.0,0.6666666666666666,0.6666666666666666,0.1666666666666666,0.5,0.5,-0.3333333333333333,0.0,DIST
Suj_111,Respuestas de formulario 9,ABC,Bloque_11,Dist,1,Opción 1,1,2.3,5.5,0,0,0,Mujer,4,5,1200,0,0,0,0,0.6666666666666666,0.0,0.6666666666666666,0.3333333333333333,0.0,0.3333333333333333,0.3333333333333333,0.5,0.0,-0.1666666666666666,DIST
Suj_112,Respuestas de formulario 9,ABC,Bloque_11,Dist,1,Opción 2,0,3.7,5.666666666666667,-1,-1,-1,Hombre,5,6,1200,-1,-1,-1,-1,0.0,0.0,0.0,0.0,0.0,0.0,0.0,0.0,0.0,0.0,DIST
Suj_113,Respuestas de formulario 9,ABC,Bloque_11,Dist,1,Opción 2,0,2.9,3.6666666666666665,0,1,-1,Mujer,5,6,1200,0,1,-1,-1,1.0,1.0,0.3333333333333333,1.0,0.0,0.6666666666666666,0.8333333333333334,0.6666666666666666,-0.1666666666666667,0.1666666666666667,DIST
Suj_114,Respuestas de formulario 9,ABC,Bloque_11,Dist,1,Opción 2,0,3.2,2.1666666666666665,0,-1,-1,Hombre,5,7,1200,0,-1,-1,-1,1.0,0.0,0.0,0.0,0.0,0.3333333333333333,0.3333333333333333,0.3333333333333333,0.0,0.0,DIST
Suj_116,Respuestas de formulario 10,AEF,Bloque_11,Dist,1,Opción 2,0,2.1,4.666666666666667,0,-1,0,Mujer,2,6,1200,0,-1,0,0,1.0,0.6666666666666666,0.0,0.0,0.0,0.5,0.5,0.3333333333333333,0.0,0.1666666666666666,DIST
Suj_117,Respuestas de formulario 10,AEF,Bloque_11,Dist,1,Opción 2,0,1.4,5.333333333333333,-1,-1,-1,Hombre,1,7,1200,-1,-1,-1,-1,0.1666666666666666,0.0,0.0,0.0,0.0,0.0,0.1666666666666666,0.0,-0.1666666666666666,0.1666666666666666,DIST
Suj_118,Respuestas de formulario 10,AEF,Bloque_11,Dist,1,Opción 1,1,2.4,5.166666666666667,1,1,1,Mujer,4,6,1200,1,1,1,1,1.0,1.0,1.0,1.0,0.6666666666666666,0.8333333333333334,1.0,1.0,-0.1666666666666666,0.0,DIST
Suj_119,Respuestas de formulario 10,AEF,Bloque_11,Dist,1,Opción 2,0,2.1,3.8333333333333335,0,0,1,Mujer,3,5,1200,0,0,1,1,1.0,0.6666666666666666,0.0,0.0,0.0,0.5,0.3333333333333333,0.5,0.1666666666666666,-0.1666666666666666,DIST
Suj_120,Respuestas de formulario 10,AEF,Bloque_11,Dist,1,Opción 1,1,1.2,5.166666666666667,1,1,1,Mujer,4,6,1200,1,1,1,1,0.8333333333333334,1.0,1.0,1.0,0.6666666666666666,1.0,0.8333333333333334,0.8333333333333334,0.1666666666666666,0.0,DIST
Suj_121,Respuestas de formulario 10,AEF,Bloque_11,Dist,1,Opción 2,0,1.8,4.666666666666667,-1,-1,-1,Hombre,3,6,1200,-1,-1,-1,-1,0.0,0.0,0.0,0.0,0.0,0.0,0.0,0.0,0.0,0.0,DIST
Suj_122,Respuestas de formulario 10,AEF,Bloque_11,Dist,1,Opción 1,1,3.3,4.333333333333333,1,-1,1,Mujer,3,4,1200,1,-1,1,1,0.3333333333333333,0.6666666666666666,0.6666666666666666,0.0,0.0,0.3333333333333333,0.1666666666666666,0.5,0.1666666666666666,-0.3333333333333333,DIST
Suj_123,Respuestas de formulario 10,AEF,Bloque_11,Dist,1,Opción 2,0,3.2,4.833333333333333,0,-1,-1,Hombre,5,6,1200,0,-1,-1,-1,0.5,0.0,0.0,0.0,0.3333333333333333,0.3333333333333333,0.1666666666666666,0.1666666666666666,0.1666666666666666,0.0,DIST
Suj_124,Respuestas de formulario 10,AEF,Bloque_11,Dist,1,Opción 1,1,2.2,4.666666666666667,-1,-1,1,Mujer,3,7,1200,-1,-1,1,1,0.1666666666666666,1.0,1.0,0.0,0.0,0.3333333333333333,0.3333333333333333,0.5,0.0,-0.1666666666666666,DIST
Suj_125,Respuestas de formulario 10,AEF,Bloque_11,Dist,1,Opción 1,1,2.7,4.333333333333333,-1,1,0,Mujer,4,5,1200,-1,1,0,0,0.3333333333333333,0.3333333333333333,0.6666666666666666,1.0,0.6666666666666666,0.5,0.5,0.6666666666666666,0.0,-0.1666666666666666,DIST
Suj_127,Respuestas de formulario 10,AEF,Bloque_11,Dist,1,Opción 2,0,1.7,5.333333333333333,-1,-1,1,Mujer,2,6,1200,-1,-1,1,1,0.0,0.0,0.0,0.0,0.0,0.0,0.0,0.0,0.0,0.0,DIST
Suj_130,Respuestas de formulario 10,AEF,Bloque_11,Dist,1,Opción 2,0,2.5,5.0,0,0,-1,Hombre,4,7,1200,0,0,-1,-1,0.5,0.0,0.0,0.3333333333333333,0.3333333333333333,0.5,0.3333333333333333,0.0,0.1666666666666666,0.3333333333333333,DIST
Suj_131,Respuestas de formulario 10,AEF,Bloque_11,Dist,1,Opción 1,1,2.9,3.8333333333333335,1,-1,-1,Mujer,4,4,1200,1,-1,-1,-1,0.8333333333333334,0.0,0.3333333333333333,0.0,0.0,0.3333333333333333,0.3333333333333333,0.3333333333333333,0.0,0.0,DIST
Suj_133,Respuestas de formulario 11,ALM,Bloque_9,Dist,1,Opción 2,0,1.4,4.333333333333333,-1,-1,0,Hombre,4,6,1000,-1,-1,0,0,0.6666666666666666,0.0,0.0,0.0,0.0,0.3333333333333333,0.1666666666666666,0.1666666666666666,0.1666666666666666,0.0,DIST
Suj_134,Respuestas de formulario 11,ALM,Bloque_9,Dist,1,Opción 1,1,2.5,4.333333333333333,0,0,1,Mujer,3,7,1000,0,0,1,1,0.5,1.0,0.0,0.3333333333333333,0.0,0.5,0.5,0.1666666666666666,0.0,0.3333333333333333,DIST
Suj_135,Respuestas de formulario 11,ALM,Bloque_9,Dist,1,Opción 2,0,1.8,4.5,1,-1,1,Mujer,4,5,1000,1,-1,1,1,0.8333333333333334,0.3333333333333333,0.6666666666666666,0.0,0.3333333333333333,0.3333333333333333,0.6666666666666666,0.5,-0.3333333333333333,0.1666666666666666,DIST
Suj_137,Respuestas de formulario 11,ALM,Bloque_9,Dist,1,Opción 2,0,1.0,5.333333333333333,1,1,1,Mujer,1,8,1000,1,1,1,1,1.0,0.6666666666666666,1.0,1.0,1.0,1.0,1.0,0.8333333333333334,0.0,0.1666666666666666,DIST
Suj_138,Respuestas de formulario 11,ALM,Bloque_9,Dist,1,Opción 2,0,2.5,4.666666666666667,-1,-1,-1,Mujer,6,6,1000,-1,-1,-1,-1,0.1666666666666666,0.0,0.3333333333333333,0.0,0.0,0.3333333333333333,0.0,0.0,0.3333333333333333,0.0,DIST
Suj_140,Respuestas de formulario 11,ALM,Bloque_9,Dist,1,Opción 2,0,1.4,5.0,1,1,1,Hombre,3,4,1000,1,1,1,1,0.8333333333333334,0.3333333333333333,0.3333333333333333,0.0,0.3333333333333333,0.3333333333333333,0.6666666666666666,0.3333333333333333,-0.3333333333333333,0.3333333333333333,DIST
Suj_141,Respuestas de formulario 11,ALM,Bloque_9,Dist,1,Opción 2,0,2.2,4.666666666666667,0,-1,-1,Hombre,3,9,1000,0,-1,-1,-1,0.5,0.0,0.6666666666666666,0.0,0.0,0.5,0.1666666666666666,0.1666666666666666,0.3333333333333333,0.0,DIST
Suj_143,Respuestas de formulario 11,ALM,Bloque_9,Dist,1,Opción 2,0,2.0,4.333333333333333,1,-1,1,Mujer,4,5,1000,1,-1,1,1,0.1666666666666666,0.0,0.3333333333333333,0.0,0.0,0.1666666666666666,0.1666666666666666,0.0,0.0,0.1666666666666666,DIST
Suj_144,Respuestas de formulario 11,ALM,Bloque_9,Dist,1,Opción 1,1,3.0,5.666666666666667,1,1,1,Mujer,5,7,1000,1,1,1,1,1.0,1.0,1.0,1.0,1.0,1.0,1.0,1.0,0.0,0.0,DIST
Suj_145,Respuestas de formulario 11,ALM,Bloque_9,Dist,1,Opción 2,0,1.3,5.666666666666667,0,-1,-1,Mujer,2,5,1000,0,-1,-1,-1,0.3333333333333333,0.0,0.0,0.0,0.0,0.1666666666666666,0.0,0.1666666666666666,0.1666666666666666,-0.1666666666666666,DIST
Suj_146,Respuestas de formulario 11,ALM,Bloque_9,Dist,1,Opción 2,0,2.2,4.666666666666667,1,-1,0,Mujer,4,5,1000,1,-1,0,0,1.0,0.3333333333333333,0.0,0.0,0.0,0.3333333333333333,0.5,0.3333333333333333,-0.1666666666666666,0.1666666666666666,DIST
Suj_147,Respuestas de formulario 11,ALM,Bloque_9,Dist,1,Opción 2,0,2.3,5.0,1,-1,-1,Hombre,6,8,1000,1,-1,-1,-1,1.0,0.3333333333333333,0.0,0.0,0.0,0.5,0.3333333333333333,0.3333333333333333,0.1666666666666666,0.0,DIST
Suj_149,Respuestas de formulario 11,ALM,Bloque_9,Dist,1,Opción 2,0,2.4,5.0,-1,-1,-1,Mujer,6,6,1000,-1,-1,-1,-1,0.0,0.0,0.0,0.0,0.0,0.0,0.0,0.0,0.0,0.0,DIST
Suj_151,Respuestas de formulario 11,ALM,Bloque_9,Dist,1,Opción 2,0,1.9,4.5,-1,-1,-1,Hombre,5,4,1000,-1,-1,-1,-1,0.3333333333333333,0.0,0.0,0.0,0.0,0.1666666666666666,0.0,0.1666666666666666,0.1666666666666666,-0.1666666666666666,DIST
Suj_152,Respuestas de formulario 12,AQS,Bloque_11,Dist,1,Opción 2,0,1.8,4.666666666666667,0,-1,-1,Mujer,3,7,1200,0,-1,-1,-1,0.3333333333333333,0.3333333333333333,0.0,0.3333333333333333,0.3333333333333333,0.3333333333333333,0.5,0.0,-0.1666666666666666,0.5,DIST
Suj_153,Respuestas de formulario 12,AQS,Bloque_11,Dist,1,Opción 1,1,1.8,4.0,1,-1,1,Hombre,1,5,1200,1,-1,1,1,0.5,1.0,1.0,0.0,0.0,0.6666666666666666,0.5,0.3333333333333333,0.1666666666666666,0.1666666666666666,DIST
Suj_155,Respuestas de formulario 12,AQS,Bloque_11,Dist,1,Opción 1,1,1.7,4.333333333333333,-1,0,0,Mujer,4,4,1200,-1,0,0,0,0.1666666666666666,0.6666666666666666,0.6666666666666666,0.6666666666666666,0.0,0.3333333333333333,0.5,0.3333333333333333,-0.1666666666666666,0.1666666666666666,DIST
Suj_156,Respuestas de formulario 12,AQS,Bloque_11,Dist,1,Opción 2,0,1.6,5.0,1,-1,-1,Hombre,4,7,1200,1,-1,-1,-1,0.8333333333333334,0.0,0.0,0.0,0.0,0.3333333333333333,0.3333333333333333,0.1666666666666666,0.0,0.1666666666666666,DIST
Suj_157,Respuestas de formulario 12,AQS,Bloque_11,Dist,1,Opción 2,0,1.1,4.333333333333333,0,-1,-1,Hombre,3,4,1200,0,-1,-1,-1,0.3333333333333333,0.0,0.0,0.0,0.0,0.1666666666666666,0.0,0.1666666666666666,0.1666666666666666,-0.1666666666666666,DIST
Suj_158,Respuestas de formulario 12,AQS,Bloque_11,Dist,1,Opción 1,1,1.2,5.5,1,0,1,Mujer,3,6,1200,1,0,1,1,1.0,1.0,1.0,1.0,0.6666666666666666,1.0,1.0,0.8333333333333334,0.0,0.1666666666666666,DIST
Suj_159,Respuestas de formulario 12,AQS,Bloque_11,Dist,1,Opción 1,1,3.8,4.166666666666667,1,1,1,Hombre,6,4,1200,1,1,1,1,0.8333333333333334,0.3333333333333333,0.3333333333333333,0.0,0.0,0.3333333333333333,0.3333333333333333,0.5,0.0,-0.1666666666666666,DIST
Suj_160,Respuestas de formulario 12,AQS,Bloque_11,Dist,1,Opción 2,0,1.3,4.833333333333333,-1,-1,-1,Hombre,3,6,1200,-1,-1,-1,-1,0.1666666666666666,0.0,0.0,0.0,0.0,0.0,0.0,0.1666666666666666,0.0,-0.1666666666666666,DIST
Suj_161,Respuestas de formulario 12,AQS,Bloque_11,Dist,1,Opción 2,0,1.2,5.0,0,-1,-1,Mujer,2,3,1200,0,-1,-1,-1,0.5,0.0,0.0,0.0,0.0,0.1666666666666666,0.1666666666666666,0.1666666666666666,0.0,0.0,DIST
Suj_162,Respuestas de formulario 12,AQS,Bloque_11,Dist,1,Opción 2,0,1.0,5.666666666666667,0,-1,-1,Mujer,4,10,1200,0,-1,-1,-1,0.5,1.0,0.6666666666666666,0.6666666666666666,0.3333333333333333,0.8333333333333334,0.6666666666666666,0.3333333333333333,0.1666666666666667,0.3333333333333333,DIST
