ID_Sujeto,Origen_Form,expectativa_sin_num,expectativa_grande_num,expectativa_pequeña_num,Expectativa_Activa,Promedio_Gap_0,Promedio_Gap_1000,Promedio_Gap_1200,Promedio_Gap_2000,Promedio_Gap_2400,Promedio_CON,Promedio_SIN,Promedio_DIST,Delta_Mantiene,Delta_base,Genero,politica,nivel_se,SDO_Score,NDC_Score
Suj_001,Respuestas de formulario 1,0,-1,-1,0,0.6666666666666666,0.6666666666666666,0.6666666666666666,0.3333333333333333,0.0,0.16666666666666666,0.6666666666666666,0.6666666666666666,-0.5,0.0,Hombre,3,4,2.1,4.166666666666667
Suj_003,Respuestas de formulario 1,-1,-1,-1,-1,0.6666666666666666,0.0,0.0,0.0,0.0,0.3333333333333333,0.16666666666666666,0.16666666666666666,0.16666666666666666,0.0,Mujer,1,5,1.5,4.5
Suj_004,Respuestas de formulario 1,0,1,1,0,0.5,0.0,0.0,0.0,0.3333333333333333,0.3333333333333333,0.16666666666666666,0.16666666666666666,0.16666666666666666,0.0,Mujer,6,6,3.3,5.0
Suj_006,Respuestas de formulario 1,-1,-1,-1,-1,0.8333333333333334,0.3333333333333333,0.3333333333333333,0.0,0.6666666666666666,0.6666666666666666,0.5,0.3333333333333333,0.16666666666666663,0.16666666666666669,Mujer,2,5,2.3,3.8333333333333335
Suj_007,Respuestas de formulario 1,1,-1,1,1,1.0,0.0,1.0,0.0,0.0,0.5,0.5,0.5,0.0,0.0,Mujer,4,3,3.4,3.0
Suj_008,Respuestas de formulario 1,-1,-1,-1,-1,0.5,0.0,0.6666666666666666,0.3333333333333333,0.0,0.16666666666666666,0.3333333333333333,0.5,-0.16666666666666666,-0.16666666666666669,Mujer,3,7,2.3,4.0
Suj_009,Respuestas de formulario 1,1,-1,-1,1,1.0,0.6666666666666666,1.0,0.0,0.6666666666666666,0.5,0.8333333333333334,0.8333333333333334,-0.33333333333333337,0.0,Mujer,4,8,2.6,4.166666666666667
Suj_011,Respuestas de formulario 2,0,0,0,0,1.0,0.3333333333333333,0.3333333333333333,0.0,0.0,0.6666666666666666,0.3333333333333333,0.3333333333333333,0.3333333333333333,0.0,Mujer,2,5,1.0,4.333333333333333
Suj_012,Respuestas de formulario 2,-1,-1,-1,-1,0.6666666666666666,0.0,0.0,0.0,0.0,0.16666666666666666,0.3333333333333333,0.16666666666666666,-0.16666666666666666,0.16666666666666666,Mujer,2,5,1.4,4.5
Suj_014,Respuestas de formulario 2,0,-1,-1,0,0.3333333333333333,0.3333333333333333,0.3333333333333333,0.3333333333333333,0.3333333333333333,0.0,1.0,0.0,-1.0,1.0,Hombre,7,7,3.5,5.0
Suj_015,Respuestas de formulario 2,0,-1,-1,0,1.0,0.0,0.0,0.3333333333333333,0.0,0.5,0.3333333333333333,0.3333333333333333,0.16666666666666669,0.0,Mujer,3,3,1.7,3.1666666666666665
Suj_016,Respuestas de formulario 2,0,0,0,0,1.0,1.0,1.0,0.6666666666666666,0.3333333333333333,1.0,0.8333333333333334,0.6666666666666666,0.16666666666666663,0.16666666666666674,Hombre,6,5,2.8,3.0
Suj_017,Respuestas de formulario 2,1,1,-1,1,1.0,0.0,0.0,0.0,0.0,0.3333333333333333,0.3333333333333333,0.3333333333333333,0.0,0.0,Hombre,4,5,2.6,4.5
Suj_018,Respuestas de formulario 2,1,-1,-1,1,1.0,0.0,0.0,0.0,0.0,0.3333333333333333,0.3333333333333333,0.3333333333333333,0.0,0.0,Hombre,4,5,2.9,3.5
Suj_019,Respuestas de formulario 2,-1,-1,-1,-1,0.5,0.0,0.0,0.0,0.0,0.16666666666666666,0.16666666666666666,0.16666666666666666,0.0,0.0,Mujer,4,6,1.9,5.333333333333333
Suj_021,Respuestas de formulario 2,-1,-1,1,-1,0.6666666666666666,1.0,0.0,1.0,0.3333333333333333,0.6666666666666666,0.6666666666666666,0.5,0.0,0.16666666666666663,Mujer,2,6,1.9,4.333333333333333
Suj_022,Respuestas de formulario 2,0,0,0,0,0.3333333333333333,0.6666666666666666,0.6666666666666666,0.0,0.0,0.0,0.5,0.5,-0.5,0.0,Mujer,2,5,2.0,4.5
Suj_023,Respuestas de formulario 2,0,-1,-1,0,1.0,0.0,0.0,0.0,0.3333333333333333,0.3333333333333333,0.5,0.3333333333333333,-0.16666666666666669,0.16666666666666669,Hombre,5,6,2.5,4.833333333333333
Suj_025,Respuestas de formulario 2,1,-1,-1,1,1.0,0.0,0.0,0.0,0.0,0.3333333333333333,0.3333333333333333,0.3333333333333333,0.0,0.0,Mujer,5,6,1.9,4.333333333333333
Suj_026,Respuestas de formulario 3,1,1,1,1,0.6666666666666666,1.0,1.0,0.6666666666666666,1.0,0.6666666666666666,1.0,0.8333333333333334,-0.33333333333333337,0.16666666666666663,Hombre,5,7,2.4,5.166666666666667
Suj_027,Respuestas de formulario 3,1,1,1,1,0.8333333333333334,1.0,0.6666666666666666,0.3333333333333333,0.6666666666666666,0.6666666666666666,0.8333333333333334,0.6666666666666666,-0.16666666666666674,0.16666666666666674,Mujer,3,4,2.2,5.0
Suj_028,Respuestas de formulario 3,0,1,1,0,0.8333333333333334,0.6666666666666666,0.6666666666666666,0.0,0.0,0.6666666666666666,0.5,0.3333333333333333,0.16666666666666663,0.16666666666666669,Mujer,2,5,1.6,4.666666666666667
Suj_031,Respuestas de formulario 3,-1,-1,-1,-1,0.0,0.0,0.0,0.0,0.0,0.0,0.0,0.0,0.0,0.0,Mujer,2,3,2.6,4.666666666666667
Suj_033,Respuestas de formulario 3,1,-1,1,1,0.5,0.3333333333333333,0.3333333333333333,0.6666666666666666,0.3333333333333333,0.6666666666666666,0.0,0.6666666666666666,0.6666666666666666,-0.6666666666666666,Mujer,2,4,1.0,4.666666666666667
Suj_034,Respuestas de formulario 3,-1,-1,-1,-1,0.0,0.0,0.0,0.0,0.0,0.0,0.0,0.0,0.0,0.0,Hombre,2,4,1.0,5.666666666666667
Suj_035,Respuestas de formulario 3,1,1,1,1,0.3333333333333333,0.3333333333333333,0.0,0.6666666666666666,1.0,0.16666666666666666,0.5,0.6666666666666666,-0.33333333333333337,-0.16666666666666663,Mujer,3,2,1.6,4.0
Suj_036,Respuestas de formulario 3,0,-1,-1,0,0.0,0.0,0.0,0.3333333333333333,0.0,0.0,0.0,0.16666666666666666,0.0,-0.16666666666666666,Mujer,6,8,2.1,4.833333333333333
Suj_037,Respuestas de formulario 3,-1,-1,-1,-1,0.0,0.0,0.0,0.0,0.0,0.0,0.0,0.0,0.0,0.0,Mujer,4,3,1.4,3.3333333333333335
Suj_038,Respuestas de formulario 3,-1,-1,-1,-1,0.16666666666666666,0.3333333333333333,0.3333333333333333,0.3333333333333333,0.3333333333333333,0.6666666666666666,0.16666666666666666,0.0,0.5,0.16666666666666666,Mujer,4,4,3.0,4.333333333333333
Suj_039,Respuestas de formulario 3,0,0,1,0,1.0,1.0,0.3333333333333333,0.6666666666666666,0.0,0.5,0.8333333333333334,0.6666666666666666,-0.33333333333333337,0.16666666666666674,Mujer,4,3,2.4,4.166666666666667
Suj_040,Respuestas de formulario 4,-1,-1,-1,-1,0.8333333333333334,0.0,0.0,0.0,0.0,0.16666666666666666,0.3333333333333333,0.3333333333333333,-0.16666666666666666,0.0,Hombre,6,7,3.8,4.833333333333333
Suj_041,Respuestas de formulario 4,0,0,0,0,0.5,0.0,0.0,0.0,0.0,0.16666666666666666,0.16666666666666666,0.16666666666666666,0.0,0.0,Mujer,1,3,1.5,4.333333333333333
Suj_044,Respuestas de formulario 4,1,1,0,1,0.0,0.0,0.0,0.0,0.0,0.0,0.0,0.0,0.0,0.0,Mujer,4,5,1.4,4.833333333333333
Suj_045,Respuestas de formulario 4,-1,-1,-1,-1,0.0,0.0,0.0,0.0,0.0,0.0,0.0,0.0,0.0,0.0,Mujer,5,5,2.8,3.6666666666666665
Suj_047,Respuestas de formulario 4,-1,0,0,0,0.5,0.3333333333333333,0.3333333333333333,0.0,0.0,0.16666666666666666,0.0,0.6666666666666666,0.16666666666666666,-0.6666666666666666,Mujer,5,6,2.3,4.833333333333333
Suj_048,Respuestas de formulario 4,-1,-1,-1,-1,0.0,0.0,0.0,0.0,0.0,0.0,0.0,0.0,0.0,0.0,Mujer,4,5,1.2,5.0
Suj_049,Respuestas de formulario 5,0,-1,-1,-1,1.0,0.0,0.0,0.0,0.0,0.3333333333333333,0.3333333333333333,0.3333333333333333,0.0,0.0,Mujer,4,8,1.7,3.8333333333333335
Suj_050,Respuestas de formulario 5,0,0,0,0,1.0,0.0,0.0,0.0,0.0,0.3333333333333333,0.3333333333333333,0.3333333333333333,0.0,0.0,Hombre,1,6,2.2,4.0
Suj_051,Respuestas de formulario 5,0,-1,1,-1,0.16666666666666666,1.0,0.6666666666666666,1.0,0.6666666666666666,0.5,0.8333333333333334,0.5,-0.33333333333333337,0.33333333333333337,Hombre,4,7,3.6,5.333333333333333
Suj_052,Respuestas de formulario 5,1,-1,-1,-1,0.5,0.0,0.0,0.0,0.0,0.16666666666666666,0.16666666666666666,0.16666666666666666,0.0,0.0,Mujer,4,4,2.1,4.666666666666667
Suj_053,Respuestas de formulario 5,1,-1,1,-1,0.8333333333333334,0.3333333333333333,0.0,0.0,0.0,0.16666666666666666,0.5,0.3333333333333333,-0.33333333333333337,0.16666666666666669,Mujer,3,2,1.1,4.166666666666667
Suj_054,Respuestas de formulario 5,1,-1,1,-1,1.0,1.0,1.0,0.3333333333333333,0.0,0.6666666666666666,0.8333333333333334,0.6666666666666666,-0.16666666666666674,0.16666666666666674,Mujer,5,7,2.3,5.5
Suj_057,Respuestas de formulario 5,0,-1,0,-1,0.0,0.6666666666666666,0.6666666666666666,0.3333333333333333,0.3333333333333333,0.3333333333333333,0.16666666666666666,0.5,0.16666666666666666,-0.33333333333333337,Hombre,6,8,2.2,5.0
Suj_058,Respuestas de formulario 5,0,-1,-1,-1,0.6666666666666666,0.0,0.3333333333333333,0.0,0.0,0.3333333333333333,0.16666666666666666,0.3333333333333333,0.16666666666666666,-0.16666666666666666,Mujer,5,6,2.2,4.833333333333333
Suj_059,Respuestas de formulario 5,-1,-1,-1,-1,0.6666666666666666,0.3333333333333333,0.0,0.0,0.0,0.16666666666666666,0.3333333333333333,0.3333333333333333,-0.16666666666666666,0.0,Hombre,2,6,1.3,5.333333333333333
Suj_060,Respuestas de formulario 5,1,1,1,1,1.0,1.0,1.0,1.0,0.3333333333333333,0.8333333333333334,0.8333333333333334,1.0,0.0,-0.16666666666666663,Hombre,3,5,1.4,4.5
Suj_062,Respuestas de formulario 6,-1,-1,1,-1,1.0,0.0,0.0,0.0,0.0,0.3333333333333333,0.3333333333333333,0.3333333333333333,0.0,0.0,Mujer,4,6,2.6,4.166666666666667
Suj_063,Respuestas de formulario 6,1,1,0,1,1.0,1.0,1.0,1.0,1.0,1.0,1.0,1.0,0.0,0.0,Hombre,5,3,3.0,3.6666666666666665
Suj_064,Respuestas de formulario 6,1,-1,0,-1,0.3333333333333333,0.6666666666666666,0.0,0.6666666666666666,1.0,0.5,0.6666666666666666,0.3333333333333333,-0.16666666666666663,0.3333333333333333,Hombre,5,8,3.7,4.0
Suj_065,Respuestas de formulario 6,1,-1,1,-1,1.0,0.0,0.0,0.0,0.0,0.3333333333333333,0.3333333333333333,0.3333333333333333,0.0,0.0,Mujer,4,5,3.0,4.0
Suj_066,Respuestas de formulario 6,1,1,1,1,0.5,0.6666666666666666,0.6666666666666666,0.3333333333333333,0.6666666666666666,0.6666666666666666,0.5,0.5,0.16666666666666663,0.0,Mujer,4,4,2.6,5.166666666666667
Suj_067,Respuestas de formulario 6,0,-1,-1,-1,1.0,0.0,0.0,0.0,0.0,0.3333333333333333,0.3333333333333333,0.3333333333333333,0.0,0.0,Hombre,3,6,1.4,5.333333333333333
Suj_068,Respuestas de formulario 6,1,-1,1,-1,1.0,0.3333333333333333,0.6666666666666666,0.0,0.0,0.5,0.5,0.5,0.0,0.0,Hombre,5,7,2.3,4.0
Suj_069,Respuestas de formulario 6,1,-1,0,-1,0.5,0.3333333333333333,0.6666666666666666,0.6666666666666666,0.3333333333333333,0.6666666666666666,0.5,0.3333333333333333,0.16666666666666663,0.16666666666666669,Mujer,4,4,2.2,5.166666666666667
Suj_072,Respuestas de formulario 6,0,-1,-1,-1,1.0,0.0,0.0,0.0,0.0,0.3333333333333333,0.3333333333333333,0.3333333333333333,0.0,0.0,Hombre,2,4,1.7,5.166666666666667
Suj_073,Respuestas de formulario 6,0,0,0,0,1.0,0.3333333333333333,0.0,0.0,0.0,0.5,0.3333333333333333,0.3333333333333333,0.16666666666666669,0.0,Mujer,2,5,1.2,3.6666666666666665
Suj_074,Respuestas de formulario 6,0,0,-1,0,0.5,0.0,0.0,0.3333333333333333,0.0,0.16666666666666666,0.16666666666666666,0.3333333333333333,0.0,-0.16666666666666666,Mujer,4,6,1.7,3.6666666666666665
Suj_075,Respuestas de formulario 6,-1,-1,-1,-1,1.0,0.0,0.0,0.0,0.0,0.3333333333333333,0.3333333333333333,0.3333333333333333,0.0,0.0,Mujer,7,5,3.6,4.833333333333333
Suj_077,Respuestas de formulario 7,1,1,0,0,0.3333333333333333,0.0,0.0,0.0,0.0,0.0,0.0,0.3333333333333333,0.0,-0.3333333333333333,Mujer,4,9,2.1,4.0
Suj_078,Respuestas de formulario 7,-1,-1,-1,-1,0.8333333333333334,0.0,0.0,0.0,0.0,0.3333333333333333,0.16666666666666666,0.3333333333333333,0.16666666666666666,-0.16666666666666666,Mujer,3,7,1.8,5.166666666666667
Suj_079,Respuestas de formulario 7,0,0,0,0,1.0,1.0,1.0,1.0,1.0,1.0,1.0,1.0,0.0,0.0,Mujer,4,7,2.4,5.166666666666667
Suj_081,Respuestas de formulario 7,1,0,-1,-1,0.5,0.6666666666666666,0.3333333333333333,0.3333333333333333,0.3333333333333333,0.3333333333333333,0.6666666666666666,0.3333333333333333,-0.3333333333333333,0.3333333333333333,Mujer,4,7,1.0,4.333333333333333
Suj_082,Respuestas de formulario 7,1,-1,-1,-1,0.16666666666666666,0.0,0.3333333333333333,0.0,0.0,0.16666666666666666,0.16666666666666666,0.0,0.0,0.16666666666666666,Mujer,4,4,1.9,5.0
Suj_083,Respuestas de formulario 7,1,-1,-1,-1,1.0,0.0,0.0,0.0,0.0,0.3333333333333333,0.3333333333333333,0.3333333333333333,0.0,0.0,Hombre,1,4,1.0,3.6666666666666665
Suj_087,Respuestas de formulario 7,1,-1,-1,-1,0.6666666666666666,0.6666666666666666,0.0,0.0,0.0,0.3333333333333333,0.5,0.16666666666666666,-0.16666666666666669,0.33333333333333337,Mujer,2,5,1.2,4.333333333333333
Suj_089,Respuestas de formulario 8,0,-1,-1,-1,0.8333333333333334,0.0,0.0,0.0,0.0,0.3333333333333333,0.16666666666666666,0.3333333333333333,0.16666666666666666,-0.16666666666666666,Mujer,5,6,3.1,5.333333333333333
Suj_090,Respuestas de formulario 8,0,0,-1,-1,0.6666666666666666,0.3333333333333333,0.6666666666666666,0.3333333333333333,0.3333333333333333,0.16666666666666666,0.6666666666666666,0.6666666666666666,-0.5,0.0,Hombre,5,6,2.4,4.666666666666667
Suj_091,Respuestas de formulario 8,-1,-1,-1,-1,0.6666666666666666,0.3333333333333333,0.3333333333333333,0.3333333333333333,0.0,0.5,0.3333333333333333,0.3333333333333333,0.16666666666666669,0.0,Mujer,3,4,2.0,4.166666666666667
Suj_094,Respuestas de formulario 8,-1,-1,-1,-1,1.0,0.6666666666666666,0.0,0.0,0.0,0.5,0.5,0.3333333333333333,0.0,0.16666666666666669,Mujer,4,6,2.6,4.666666666666667
Suj_096,Respuestas de formulario 8,0,-1,-1,-1,0.6666666666666666,0.3333333333333333,0.3333333333333333,0.0,0.6666666666666666,0.6666666666666666,0.5,0.16666666666666666,0.16666666666666663,0.33333333333333337,Hombre,4,5,3.3,4.5
Suj_098,Respuestas de formulario 8,0,1,1,1,0.5,0.6666666666666666,0.6666666666666666,0.6666666666666666,0.0,0.5,0.5,0.5,0.0,0.0,Mujer,5,6,1.5,4.833333333333333
Suj_099,Respuestas de formulario 8,1,-1,-1,-1,1.0,0.0,0.0,0.0,0.0,0.3333333333333333,0.3333333333333333,0.3333333333333333,0.0,0.0,Mujer,7,7,1.6,3.0
Suj_103,Respuestas de formulario 8,-1,-1,1,1,0.5,0.0,0.0,0.3333333333333333,0.0,0.3333333333333333,0.16666666666666666,0.16666666666666666,0.16666666666666666,0.0,Mujer,4,5,1.3,5.0
Suj_104,Respuestas de formulario 9,1,0,-1,-1,0.5,0.3333333333333333,0.6666666666666666,0.6666666666666666,0.0,0.8333333333333334,0.5,0.0,0.33333333333333337,0.5,Mujer,4,8,1.5,4.0
Suj_107,Respuestas de formulario 9,0,0,0,0,0.6666666666666666,0.6666666666666666,0.6666666666666666,0.6666666666666666,0.6666666666666666,0.8333333333333334,0.6666666666666666,0.5,0.16666666666666674,0.16666666666666663,Mujer,4,7,1.3,3.1666666666666665
Suj_109,Respuestas de formulario 9,0,0,0,0,1.0,0.3333333333333333,1.0,0.0,0.0,0.5,0.5,0.6666666666666666,0.0,-0.16666666666666663,Mujer,4,6,2.7,4.666666666666667
Suj_110,Respuestas de formulario 9,0,1,1,1,0.16666666666666666,0.6666666666666666,0.0,0.6666666666666666,0.6666666666666666,0.16666666666666666,0.5,0.5,-0.33333333333333337,0.0,Mujer,2,5,2.0,5.0
Suj_111,Respuestas de formulario 9,0,0,0,0,0.6666666666666666,0.0,0.6666666666666666,0.3333333333333333,0.0,0.3333333333333333,0.3333333333333333,0.5,0.0,-0.16666666666666669,Mujer,4,5,2.3,5.5
Suj_112,Respuestas de formulario 9,-1,-1,-1,-1,0.0,0.0,0.0,0.0,0.0,0.0,0.0,0.0,0.0,0.0,Hombre,5,6,3.7,5.666666666666667
Suj_113,Respuestas de formulario 9,0,1,-1,-1,1.0,1.0,0.3333333333333333,1.0,0.0,0.6666666666666666,0.8333333333333334,0.6666666666666666,-0.16666666666666674,0.16666666666666674,Mujer,5,6,2.9,3.6666666666666665
Suj_114,Respuestas de formulario 9,0,-1,-1,-1,1.0,0.0,0.0,0.0,0.0,0.3333333333333333,0.3333333333333333,0.3333333333333333,0.0,0.0,Hombre,5,7,3.2,2.1666666666666665
Suj_116,Respuestas de formulario 10,0,-1,0,0,1.0,0.6666666666666666,0.0,0.0,0.0,0.5,0.5,0.3333333333333333,0.0,0.16666666666666669,Mujer,2,6,2.1,4.666666666666667
Suj_117,Respuestas de formulario 10,-1,-1,-1,-1,0.16666666666666666,0.0,0.0,0.0,0.0,0.0,0.16666666666666666,0.0,-0.16666666666666666,0.16666666666666666,Hombre,1,7,1.4,5.333333333333333
Suj_118,Respuestas de formulario 10,1,1,1,1,1.0,1.0,1.0,1.0,0.6666666666666666,0.8333333333333334,1.0,1.0,-0.16666666666666663,0.0,Mujer,4,6,2.4,5.166666666666667
Suj_119,Respuestas de formulario 10,0,0,1,1,1.0,0.6666666666666666,0.0,0.0,0.0,0.5,0.3333333333333333,0.5,0.16666666666666669,-0.16666666666666669,Mujer,3,5,2.1,3.8333333333333335
Suj_120,Respuestas de formulario 10,1,1,1,1,0.8333333333333334,1.0,1.0,1.0,0.6666666666666666,1.0,0.8333333333333334,0.8333333333333334,0.16666666666666663,0.0,Mujer,4,6,1.2,5.166666666666667
Suj_121,Respuestas de formulario 10,-1,-1,-1,-1,0.0,0.0,0.0,0.0,0.0,0.0,0.0,0.0,0.0,0.0,Hombre,3,6,1.8,4.666666666666667
Suj_122,Respuestas de formulario 10,1,-1,1,1,0.3333333333333333,0.6666666666666666,0.6666666666666666,0.0,0.0,0.3333333333333333,0.16666666666666666,0.5,0.16666666666666666,-0.33333333333333337,Mujer,3,4,3.3,4.333333333333333
Suj_123,Respuestas de formulario 10,0,-1,-1,-1,0.5,0.0,0.0,0.0,0.3333333333333333,0.3333333333333333,0.16666666666666666,0.16666666666666666,0.16666666666666666,0.0,Hombre,5,6,3.2,4.833333333333333
Suj_124,Respuestas de formulario 10,-1,-1,1,1,0.16666666666666666,1.0,1.0,0.0,0.0,0.3333333333333333,0.3333333333333333,0.5,0.0,-0.16666666666666669,Mujer,3,7,2.2,4.666666666666667
Suj_125,Respuestas de formulario 10,-1,1,0,0,0.3333333333333333,0.3333333333333333,0.6666666666666666,1.0,0.6666666666666666,0.5,0.5,0.6666666666666666,0.0,-0.16666666666666663,Mujer,4,5,2.7,4.333333333333333
Suj_127,Respuestas de formulario 10,-1,-1,1,1,0.0,0.0,0.0,0.0,0.0,0.0,0.0,0.0,0.0,0.0,Mujer,2,6,1.7,5.333333333333333
Suj_130,Respuestas de formulario 10,0,0,-1,-1,0.5,0.0,0.0,0.3333333333333333,0.3333333333333333,0.5,0.3333333333333333,0.0,0.16666666666666669,0.3333333333333333,Hombre,4,7,2.5,5.0
Suj_131,Respuestas de formulario 10,1,-1,-1,-1,0.8333333333333334,0.0,0.3333333333333333,0.0,0.0,0.3333333333333333,0.3333333333333333,0.3333333333333333,0.0,0.0,Mujer,4,4,2.9,3.8333333333333335
Suj_133,Respuestas de formulario 11,-1,-1,0,0,0.6666666666666666,0.0,0.0,0.0,0.0,0.3333333333333333,0.16666666666666666,0.16666666666666666,0.16666666666666666,0.0,Hombre,4,6,1.4,4.333333333333333
Suj_134,Respuestas de formulario 11,0,0,1,1,0.5,1.0,0.0,0.3333333333333333,0.0,0.5,0.5,0.16666666666666666,0.0,0.33333333333333337,Mujer,3,7,2.5,4.333333333333333
Suj_135,Respuestas de formulario 11,1,-1,1,1,0.8333333333333334,0.3333333333333333,0.6666666666666666,0.0,0.3333333333333333,0.3333333333333333,0.6666666666666666,0.5,-0.3333333333333333,0.16666666666666663,Mujer,4,5,1.8,4.5
Suj_137,Respuestas de formulario 11,1,1,1,1,1.0,0.6666666666666666,1.0,1.0,1.0,1.0,1.0,0.8333333333333334,0.0,0.16666666666666663,Mujer,1,8,1.0,5.333333333333333
Suj_138,Respuestas de formulario 11,-1,-1,-1,-1,0.16666666666666666,0.0,0.3333333333333333,0.0,0.0,0.3333333333333333,0.0,0.0,0.3333333333333333,0.0,Mujer,6,6,2.5,4.666666666666667
Suj_140,Respuestas de formulario 11,1,1,1,1,0.8333333333333334,0.3333333333333333,0.3333333333333333,0.0,0.3333333333333333,0.3333333333333333,0.6666666666666666,0.3333333333333333,-0.3333333333333333,0.3333333333333333,Hombre,3,4,1.4,5.0
Suj_141,Respuestas de formulario 11,0,-1,-1,-1,0.5,0.0,0.6666666666666666,0.0,0.0,0.5,0.16666666666666666,0.16666666666666666,0.33333333333333337,0.0,Hombre,3,9,2.2,4.666666666666667
Suj_143,Respuestas de formulario 11,1,-1,1,1,0.16666666666666666,0.0,0.3333333333333333,0.0,0.0,0.16666666666666666,0.16666666666666666,0.0,0.0,0.16666666666666666,Mujer,4,5,2.0,4.333333333333333
Suj_144,Respuestas de formulario 11,1,1,1,1,1.0,1.0,1.0,1.0,1.0,1.0,1.0,1.0,0.0,0.0,Mujer,5,7,3.0,5.666666666666667
Suj_145,Respuestas de formulario 11,0,-1,-1,-1,0.3333333333333333,0.0,0.0,0.0,0.0,0.16666666666666666,0.0,0.16666666666666666,0.16666666666666666,-0.16666666666666666,Mujer,2,5,1.3,5.666666666666667
Suj_146,Respuestas de formulario 11,1,-1,0,0,1.0,0.3333333333333333,0.0,0.0,0.0,0.3333333333333333,0.5,0.3333333333333333,-0.16666666666666669,0.16666666666666669,Mujer,4,5,2.2,4.666666666666667
Suj_147,Respuestas de formulario 11,1,-1,-1,-1,1.0,0.3333333333333333,0.0,0.0,0.0,0.5,0.3333333333333333,0.3333333333333333,0.16666666666666669,0.0,Hombre,6,8,2.3,5.0
Suj_149,Respuestas de formulario 11,-1,-1,-1,-1,0.0,0.0,0.0,0.0,0.0,0.0,0.0,0.0,0.0,0.0,Mujer,6,6,2.4,5.0
Suj_151,Respuestas de formulario 11,-1,-1,-1,-1,0.3333333333333333,0.0,0.0,0.0,0.0,0.16666666666666666,0.0,0.16666666666666666,0.16666666666666666,-0.16666666666666666,Hombre,5,4,1.9,4.5
Suj_152,Respuestas de formulario 12,0,-1,-1,-1,0.3333333333333333,0.3333333333333333,0.0,0.3333333333333333,0.3333333333333333,0.3333333333333333,0.5,0.0,-0.16666666666666669,0.5,Mujer,3,7,1.8,4.666666666666667
Suj_153,Respuestas de formulario 12,1,-1,1,1,0.5,1.0,1.0,0.0,0.0,0.6666666666666666,0.5,0.3333333333333333,0.16666666666666663,0.16666666666666669,Hombre,1,5,1.8,4.0
Suj_155,Respuestas de formulario 12,-1,0,0,0,0.16666666666666666,0.6666666666666666,0.6666666666666666,0.6666666666666666,0.0,0.3333333333333333,0.5,0.3333333333333333,-0.16666666666666669,0.16666666666666669,Mujer,4,4,1.7,4.333333333333333
Suj_156,Respuestas de formulario 12,1,-1,-1,-1,0.8333333333333334,0.0,0.0,0.0,0.0,0.3333333333333333,0.3333333333333333,0.16666666666666666,0.0,0.16666666666666666,Hombre,4,7,1.6,5.0
Suj_157,Respuestas de formulario 12,0,-1,-1,-1,0.3333333333333333,0.0,0.0,0.0,0.0,0.16666666666666666,0.0,0.16666666666666666,0.16666666666666666,-0.16666666666666666,Hombre,3,4,1.1,4.333333333333333
Suj_158,Respuestas de formulario 12,1,0,1,1,1.0,1.0,1.0,1.0,0.6666666666666666,1.0,1.0,0.8333333333333334,0.0,0.16666666666666663,Mujer,3,6,1.2,5.5
Suj_159,Respuestas de formulario 12,1,1,1,1,0.8333333333333334,0.3333333333333333,0.3333333333333333,0.0,0.0,0.3333333333333333,0.3333333333333333,0.5,0.0,-0.16666666666666669,Hombre,6,4,3.8,4.166666666666667
Suj_160,Respuestas de formulario 12,-1,-1,-1,-1,0.16666666666666666,0.0,0.0,0.0,0.0,0.0,0.0,0.16666666666666666,0.0,-0.16666666666666666,Hombre,3,6,1.3,4.833333333333333
Suj_161,Respuestas de formulario 12,0,-1,-1,-1,0.5,0.0,0.0,0.0,0.0,0.16666666666666666,0.16666666666666666,0.16666666666666666,0.0,0.0,Mujer,2,3,1.2,5.0
Suj_162,Respuestas de formulario 12,0,-1,-1,-1,0.5,1.0,0.6666666666666666,0.6666666666666666,0.3333333333333333,0.8333333333333334,0.6666666666666666,0.3333333333333333,0.16666666666666674,0.3333333333333333,Mujer,4,10,1.0,5.666666666666667
